Total Trades,Total Stocks,Total Profit,Average Profit per Trade,Median Profit per Trade,Success Probability per Trade,Average Profit per Stock,Median Profit per Stock,Success Probability per Stock
159496,1162,3533689549.743314,22155.349035357085,-2620.8003273010254,0.41727065255554996,3041040.9206052613,296685.52567243576,0.5860585197934596
